{
    "valid_accuracies": {
        "bfs": [
            0.630859375,
            0.58984375
        ]
    },
    "test_accuracies": {
        "bfs": [
            0.28515625
        ]
    }
}