{
    "valid_accuracies": {
        "bfs": [
            0.630859375,
            0.7939453125
        ]
    },
    "test_accuracies": {
        "bfs": [
            0.517578125
        ]
    }
}